episode,title,abbr,stardate,original_airdate,production_number
0x01,The Cage,TOS,Unknown,1988-10-04,6149-01
1x01,Where No Man Has Gone Before,TOS,1312.4 - 1313.8,1966-09-22,6149-02
1x02,The Corbomite Maneuver,TOS,1512.2 - 1514.1,1966-11-10,6149-03
1x03,Mudd's Women,TOS,1329.8 - 1330.1,1966-10-13,6149-04
1x04,The Enemy Within,TOS,1672.1 - 1673.1,1966-10-06,6149-05
1x05,The Man Trap,TOS,1513.1 - 1513.8,1966-09-08,6149-06
1x06,The Naked Time,TOS,1704.2 - 1704.4,1966-09-29,6149-07
1x07,Charlie X,TOS,1533.6 - 1535.8,1966-09-15,6149-08
1x08,Balance of Terror,TOS,1709.2 - 1709.6,1966-12-15,6149-09
1x09,What Are Little Girls Made Of?,TOS,2712.4,1966-10-20,6149-10
1x10,Dagger of the Mind,TOS,2715.1 - 2715.2,1966-11-03,6149-11
1x11,Miri,TOS,2713.5 - 2713.3,1966-10-27,6149-12
1x12,The Conscience of the King,TOS,2817.6 - 2819.8,1966-12-08,6149-13
1x13,The Galileo Seven,TOS,2821.5 - 2823.8,1967-01-05,6149-14
1x14,Court Martial,TOS,2947.3 - 2950.1,1967-02-02,6149-15
1x15,"The Menagerie, Part I",TOS,3012.4 - 3012.6,1966-11-17,6149-16A
1x16,"The Menagerie, Part II",TOS,3013.1 - 3013.2,1966-11-24,6149-16B
1x17,Shore Leave,TOS,3025.3 - 3025.8,1966-12-29,6149-17
1x18,The Squire of Gothos,TOS,2124.5 - 2126.3,1967-01-12,6149-18
1x19,Arena,TOS,3045.6 - 3046.2,1967-01-19,6149-19
1x20,The Alternative Factor,TOS,3087.6 - 3088.7,1967-03-30,6149-20
1x21,Tomorrow is Yesterday,TOS,3113.2 - 3114.1,1967-01-26,6149-21
1x22,The Return of the Archons,TOS,3156.2 - 3158.7,1967-02-09,6149-22
1x23,A Taste of Armageddon,TOS,3192.1 - 3193.0,1967-02-23,6149-23
1x24,Space Seed,TOS,3141.9 - 3143.3,1967-02-16,6149-24
1x25,This Side of Paradise,TOS,3417.3 - 3417.7,1967-03-02,6149-25
1x26,The Devil in the Dark,TOS,3196.1,1967-03-09,6149-26
1x27,Errand of Mercy,TOS,3198.4 - 3201.7,1967-03-23,6149-27
1x28,The City on the Edge of Forever,TOS,Unknown,1967-04-06,6149-28
1x29,Operation -- Annihilate!,TOS,3287.2 - 3289.8,1967-04-13,6149-29
2x01,Catspaw,TOS,3018.2,1967-10-27,60330
2x02,Metamorphosis,TOS,3219.8 - 3220.3,1967-11-10,60331
2x03,Friday's Child,TOS,3497.2 - 3499.1,1967-12-01,60332
2x04,Who Mourns for Adonais?,TOS,3468.1,1967-09-22,60333
2x05,Amok Time,TOS,3372.7,1967-09-15,60334
2x06,The Doomsday Machine,TOS,4202.9,1967-10-20,60335
2x07,Wolf in the Fold,TOS,3614.9 - 3615.4,1967-12-22,60336
2x08,The Changeling,TOS,3541.9,1967-09-29,60337
2x09,The Apple,TOS,3715.0 - 3715.6,1967-10-13,60338
2x10,"Mirror, Mirror",TOS,Unknown,1967-10-06,60339
2x11,The Deadly Years,TOS,3478.2 - 3479.4,1967-12-08,60340
2x12,"I, Mudd",TOS,4513.3,1967-11-03,60341
2x13,The Trouble with Tribbles,TOS,4523.3 - 4525.6,1967-12-29,60342
2x14,Bread and Circuses,TOS,4040.7 - 4041.7,1968-03-15,60343
2x15,Journey to Babel,TOS,3842.3 - 3843.4,1967-11-17,60344
2x16,A Private Little War,TOS,4211.4 - 4211.8,1968-02-02,60345
2x17,The Gamesters of Triskelion,TOS,3211.7 - 3259.2,1968-01-05,60346
2x18,Obsession,TOS,3619.2 - 3620.7,1967-12-15,60347
2x19,The Immunity Syndrome,TOS,4307.1 - 4309.4,1968-01-19,60348
2x20,A Piece of the Action,TOS,Unknown,1968-01-12,60349
2x21,By Any Other Name,TOS,4657.5 - 4658.9,1968-02-23,60350
2x22,Return to Tomorrow,TOS,4768.3 - 4770.3,1968-02-09,60351
2x23,Patterns of Force,TOS,Unknown,1968-02-16,60352
2x24,The Ultimate Computer,TOS,4729.4 - 4731.3,1968-03-08,60353
2x25,The Omega Glory,TOS,Unknown,1968-03-01,60354
2x26,Assignment: Earth,TOS,Unknown,1968-03-29,60355
3x01,Spectre of the Gun,TOS,4385.3,1968-10-25,60043-56
3x02,Elaan of Troyius,TOS,4372.5,1968-12-20,60043-57
3x03,The Paradise Syndrome,TOS,4842.6 - 4843.6,1968-10-04,60043-58
3x04,The Enterprise Incident,TOS,5027.3 - 5027.4,1968-09-27,60043-59
3x05,And the Children Shall Lead,TOS,5029.5,1968-10-11,60043-60
3x06,Spock's Brain,TOS,5431.4 - 5432.3,1968-09-20,60043-61
3x07,Is There in Truth No Beauty?,TOS,5630.7 - 5630.8,1968-10-18,60043-62
3x08,The Empath,TOS,5121.5,1968-12-06,60043-63
3x09,The Tholian Web,TOS,5693.2,1968-11-15,60043-64
3x10,For the World is Hollow and I Have Touched the Sky,TOS,5476.3 - 5476.4,1968-11-08,60043-65
3x11,Day of the Dove,TOS,Unknown,1968-11-01,60043-66
3x12,Plato's Stepchildren,TOS,5784.2 - 5784.3,1968-11-22,60043-67
3x13,Wink of an Eye,TOS,5710.5 - 5710.9,1968-11-29,60043-68
3x14,That Which Survives,TOS,Unknown,1969-01-24,60043-69
3x15,Let That Be Your Last Battlefield,TOS,5730.2 - 5730.7,1969-01-10,60043-70
3x16,Whom Gods Destroy,TOS,5718.3,1969-01-03,60043-71
3x17,The Mark of Gideon,TOS,5423.4 - 5423.8,1969-01-17,60043-72
3x18,The Lights of Zetar,TOS,5725.3 - 5725.6,1969-01-31,60043-73
3x19,The Cloud Minders,TOS,5818.4 - 5819.3,1969-02-28,60043-74
3x20,The Way to Eden,TOS,5832.3 - 5832.6,1969-02-21,60043-75
3x21,Requiem for Methuselah,TOS,5843.7 - 5843.8,1969-02-14,60043-76
3x22,The Savage Curtain,TOS,5906.4 - 5906.5,1969-03-07,60043-77
3x23,All Our Yesterdays,TOS,5943.7 - 5943.9,1969-03-14,60043-78
3x24,Turnabout Intruder,TOS,5928.5 - 5930.3,1969-06-03,60043-79
1x01,Beyond the Farthest Star,TAS,5221.3 - 5221.8,1973-09-08,22004
1x02,Yesteryear,TAS,5373.4,1973-09-15,22003
1x03,One of Our Planets Is Missing,TAS,5371.3 - 5372.1,1973-09-22,22007
1x04,The Lorelei Signal,TAS,5483.7 - 5483.9,1973-09-29,22006
1x05,"More Tribbles, More Troubles",TAS,5392.4,1973-10-06,22001
1x06,The Survivor,TAS,5143.3,1973-10-13,22005
1x07,The Infinite Vulcan,TAS,5554.4 -5554.8,1973-10-20,22002
1x08,The Magicks of Megas-Tu,TAS,1254.4,1973-10-27,22009
1x09,Once Upon a Planet,TAS,5591.2,1973-11-03,22017
1x10,Mudd's Passion,TAS,4978.5,1973-11-10,22008
1x11,The Terratin Incident,TAS,5577.3 - 5577.7,1973-11-17,22015
1x12,The Time Trap,TAS,5267.2 - 5267.6,1973-11-24,22010
1x13,The Ambergris Element,TAS,5499.9,1973-12-01,22013
1x14,The Slaver Weapon,TAS,4187.3,1973-12-15,22011
1x15,The Eye of the Beholder,TAS,5501.2,1974-01-05,22016
1x16,The Jihad,TAS,5683.1,1974-01-12,22014
2x01,The Pirates of Orion,TAS,6334.1 - 6335.6,1974-09-07,22020
2x02,Bem,TAS,7403.6,1974-09-14,22018
2x03,The Practical Joker,TAS,3183.3,1974-09-21,22021
2x04,Albatross,TAS,5275.6 - 5276.8,1974-09-28,22019
2x05,How Sharper Than a Serpent's Tooth,TAS,6063.4 - 6063.5,1974-10-05,22022
2x06,The Counter-Clock Incident,TAS,6770.1 - 6770.6,1974-10-12,22023
1x01/02,Encounter at Farpoint,TNG,41153.7,1987-09-28,?????-721
1x03,The Naked Now,TNG,41209.2,1987-10-05,40271-103
1x04,Code of Honor,TNG,41235.25,1987-10-12,40271-104
1x05,The Last Outpost,TNG,41386.4,1987-10-19,40271-107
1x06,Where No One Has Gone Before,TNG,41263.1,1987-10-26,40271-106
1x07,Lonely Among Us,TNG,41249.3,1987-11-02,40271-108
1x08,Justice,TNG,41255.6,1987-11-09,40271-109
1x09,The Battle,TNG,41723.9,1987-11-16,40271-110
1x10,Hide and Q,TNG,41590.5,1987-11-23,40271-111
1x11,Haven,TNG,41294.5,1987-11-30,40271-105
1x12,The Big Goodbye,TNG,41997.7,1988-01-11,40271-113
1x13,Datalore,TNG,41242.4,1988-01-18,40271-114
1x14,Angel One,TNG,41636.9,1988-01-25,40271-115
1x15,11001001,TNG,41365.9,1988-02-01,40271-116
1x16,Too Short a Season,TNG,41309.5,1988-02-08,40271-112
1x17,When The Bough Breaks,TNG,41509.1,1988-02-15,40271-118
1x18,Home Soil,TNG,41463.9,1988-02-22,40271-117
1x19,Coming of Age,TNG,41416.2,1988-03-14,40271-119
1x20,Heart of Glory,TNG,41503.7,1988-03-21,40271-120
1x21,The Arsenal of Freedom,TNG,41798.2,1988-04-11,40271-121
1x22,Symbiosis,TNG,Unknown,1988-04-18,40271-123
1x23,Skin of Evil,TNG,41601.3,1988-04-25,40271-122
1x24,We'll Always Have Paris,TNG,41697.9,1988-05-02,40271-124
1x25,Conspiracy,TNG,41775.5,1988-05-09,40271-125
1x26,The Neutral Zone,TNG,41986.0,1988-05-16,40271-126
2x01,The Child,TNG,42073.1,1988-11-21,40272-127
2x02,Where Silence Has Lease,TNG,42193.6,1988-11-28,40272-128
2x03,"Elementary, Dear Data",TNG,42286.3,1988-12-05,40272-129
2x04,The Outrageous Okona,TNG,42402.7,1988-12-12,40272-130
2x05,Loud As A Whisper,TNG,42477.2,1989-01-09,40272-132
2x06,The Schizoid Man,TNG,42437.5,1989-01-23,40272-131
2x07,Unnatural Selection,TNG,42494.8,1989-01-30,40272-133
2x08,A Matter Of Honor,TNG,42506.5,1989-02-06,40272-134
2x09,The Measure Of A Man,TNG,42523.7,1989-02-13,40272-135
2x10,The Dauphin,TNG,42568.8,1989-02-20,40272-136
2x11,Contagion,TNG,42609.1,1989-03-20,40272-137
2x12,The Royale,TNG,42625.4,1989-03-27,40272-138
2x13,Time Squared,TNG,42679.2,1989-04-03,40272-139
2x14,The Icarus Factor,TNG,42686.4,1989-04-24,40272-140
2x15,Pen Pals,TNG,42695.3,1989-05-01,40272-141
2x16,Q Who,TNG,42761.3,1989-05-08,40272-142
2x17,Samaritan Snare,TNG,42779.1,1989-05-15,40272-143
2x18,Up The Long Ladder,TNG,42823.2,1989-05-22,40272-144
2x19,Manhunt,TNG,42859.2,1989-06-19,40272-145
2x20,The Emissary,TNG,42901.3,1989-06-26,40272-146
2x21,Peak Performance,TNG,42923.4,1989-07-10,40272-147
2x22,Shades of Gray,TNG,42976.1,1989-07-17,40272-148
3x01,Evolution,TNG,43125.8,1989-09-25,40273-150
3x02,The Ensigns of Command,TNG,43133.3,1989-10-02,40273-149
3x03,The Survivors,TNG,43152.4,1989-10-09,40273-151
3x04,Who Watches The Watchers,TNG,43173.5,1989-10-16,40273-152
3x05,The Bonding,TNG,43198.7,1989-10-23,40273-153
3x06,Booby Trap,TNG,43205.6,1989-10-30,40273-154
3x07,The Enemy,TNG,43349.2,1989-11-06,40273-155
3x08,The Price,TNG,43385.6,1989-11-13,40273-156
3x09,The Vengeance Factor,TNG,43421.9,1989-11-20,40273-157
3x10,The Defector,TNG,43462.5,1990-01-01,40273-158
3x11,The Hunted,TNG,43489.2,1990-01-08,40273-159
3x12,The High Ground,TNG,43510.7,1990-01-29,40273-160
3x13,Deja Q,TNG,43539.1,1990-02-05,40273-161
3x14,A Matter of Perspective,TNG,43610.4,1990-02-12,40273-162
3x15,Yesterday's Enterprise,TNG,43625.2,1990-02-19,40273-163
3x16,The Offspring,TNG,43657.0,1990-03-12,40273-164
3x17,Sins of the Father,TNG,43685.2,1990-03-19,40273-165
3x18,Allegiance,TNG,43714.1,1990-03-26,40273-166
3x19,Captain's Holiday,TNG,43745.2,1990-04-02,40273-167
3x20,Tin Man,TNG,43779.3,1990-04-23,40273-168
3x21,Hollow Pursuits,TNG,43807.4,1990-04-30,40273-169
3x22,The Most Toys,TNG,43872.2,1990-05-07,40273-170
3x23,Sarek,TNG,43917.4,1990-05-14,40273-171
3x24,Ménage à Troi,TNG,43930.7,1990-05-28,40273-172
3x25,Transfigurations,TNG,43957.2,1990-06-04,40273-173
3x26,The Best of Both Worlds,TNG,43989.1,1990-06-18,40273-174
4x01,"The Best of Both Worlds, Part II",TNG,44001.4,1990-09-24,40274-175
4x02,Family,TNG,44012.3,1990-10-01,40274-178
4x03,Brothers,TNG,44085.7,1990-10-08,40274-177
4x04,Suddenly Human,TNG,44143.7,1990-10-15,40274-176
4x05,Remember Me,TNG,44161.2,1990-10-22,40274-179
4x06,Legacy,TNG,44215.2,1990-10-29,40274-180
4x07,Reunion,TNG,44246.3,1990-11-05,40274-181
4x08,Future Imperfect,TNG,44286.5,1990-11-12,40274-182
4x09,Final Mission,TNG,44307.3,1990-11-19,40274-183
4x10,The Loss,TNG,44356.9,1990-12-31,40274-184
4x11,Data's Day,TNG,44390.1,1991-01-07,40274-185
4x12,The Wounded,TNG,44429.6,1991-01-28,40274-186
4x13,Devil's Due,TNG,44474.5,1991-02-04,40274-187
4x14,Clues,TNG,44502.7,1991-02-11,40274-188
4x15,First Contact,TNG,Unknown,1991-02-18,40274-189
4x16,Galaxy's Child,TNG,44614.6,1991-03-11,40274-190
4x17,Night Terrors,TNG,44631.2,1991-03-18,40274-191
4x18,Identity Crisis,TNG,44664.5,1991-03-25,40274-192
4x19,The Nth Degree,TNG,44704.2,1991-04-01,40274-193
4x20,Qpid,TNG,44741.9,1991-04-22,40274-194
4x21,The Drumhead,TNG,44769.2,1991-04-29,40274-195
4x22,Half a Life,TNG,44805.3,1991-05-06,40274-196
4x23,The Host,TNG,44821.3,1991-05-13,40274-197
4x24,The Mind's Eye,TNG,44885.5,1991-05-27,40274-198
4x25,In Theory,TNG,44932.3,1991-06-03,40274-199
4x26,Redemption,TNG,44995.3,1991-06-17,40274-200
5x01,Redemption II,TNG,45020.4,1991-09-23,40275-201
5x02,Darmok,TNG,45047.2,1991-09-30,40275-202
5x03,Ensign Ro,TNG,45076.3,1991-10-07,40275-203
5x04,Silicon Avatar,TNG,45122.3,1991-10-14,40275-204
5x05,Disaster,TNG,45156.1,1991-10-21,40275-205
5x06,The Game,TNG,45208.2,1991-10-28,40275-206
5x07,Unification I,TNG,45233.1,1991-11-04,40275-208
5x08,Unification II,TNG,45245.8,1991-11-11,40275-207
5x09,A Matter of Time,TNG,45349.1,1991-11-18,40275-209
5x10,New Ground,TNG,45376.3,1992-01-06,40275-210
5x11,Hero Worship,TNG,45397.3,1992-01-27,40275-211
5x12,Violations,TNG,45429.3,1992-02-03,40275-212
5x13,The Masterpiece Society,TNG,45470.1,1992-02-10,40275-213
5x14,Conundrum,TNG,45494.2,1992-02-17,40275-214
5x15,Power Play,TNG,45571.2,1992-02-24,40275-215
5x16,Ethics,TNG,45587.3,1992-03-02,40275-216
5x17,The Outcast,TNG,45614.6,1992-03-16,40275-217
5x18,Cause and Effect,TNG,45652.1,1992-03-23,40275-218
5x19,The First Duty,TNG,45703.9,1992-03-30,40275-219
5x20,Cost of Living,TNG,45733.6,1992-04-20,40275-220
5x21,The Perfect Mate,TNG,45761.3,1992-04-27,40275-221
5x22,Imaginary Friend,TNG,45832.1,1992-05-04,40275-222
5x23,I Borg,TNG,45854.2,1992-05-11,40275-223
5x24,The Next Phase,TNG,45892.4,1992-05-18,40275-224
5x25,The Inner Light,TNG,45944.1,1992-06-01,40275-225
5x26,Time's Arrow,TNG,45959.1,1992-06-15,40275-226
6x01,"Time's Arrow, Part II",TNG,46001.3,1992-09-21,40276-227
6x02,Realm of Fear,TNG,46041.1,1992-09-28,40276-228
6x03,Man of the People,TNG,46071.6,1992-10-05,40276-229
6x04,Relics,TNG,46125.3,1992-10-12,40276-230
6x05,Schisms,TNG,46154.2,1992-10-19,40276-231
6x06,True Q,TNG,46192.3,1992-10-26,40276-232
6x07,Rascals,TNG,46235.7,1992-11-02,40276-233
6x08,A Fistful of Datas,TNG,46271.5,1992-11-07,40276-234
6x09,The Quality of Life,TNG,46307.2,1992-11-14,40276-235
6x10,"Chain of Command, Part I",TNG,46357.4,1992-12-14,40276-236
6x11,"Chain of Command, Part II",TNG,46360.8,1992-12-21,40276-237
6x12,Ship in a Bottle,TNG,46424.1,1993-01-25,40276-238
6x13,Aquiel,TNG,46461.3,1993-02-01,40276-239
6x14,Face of the Enemy,TNG,46519.0,1993-02-08,40276-240
6x15,Tapestry,TNG,Unknown,1993-02-15,40276-241
6x16,"Birthright, Part I",TNG,46578.4,1993-02-22,40276-242
6x17,"Birthright, Part II",TNG,46579.2,1993-03-01,40276-243
6x18,Starship Mine,TNG,46682.4,1993-03-29,40276-244
6x19,Lessons,TNG,46693.1,1993-04-05,40276-245
6x20,The Chase,TNG,46731.5,1993-04-26,40276-246
6x21,Frame of Mind,TNG,46778.1,1993-05-03,40276-247
6x22,Suspicions,TNG,46830.1,1993-05-10,40276-248
6x23,Rightful Heir,TNG,46852.2,1993-05-17,40276-249
6x24,Second Chances,TNG,46915.2,1993-05-24,40276-250
6x25,Timescape,TNG,46944.2,1993-06-12,40276-251
6x26,Descent,TNG,46982.1,1993-06-21,40276-252
7x01,"Descent, Part II",TNG,47025.4,1993-09-20,40277-253
7x02,Liaisons,TNG,Unknown,1993-09-27,40277-254
7x03,Interface,TNG,47215.5,1993-10-04,40277-255
7x04,"Gambit, Part I",TNG,47135.2,1993-10-11,40277-256
7x05,"Gambit, Part II",TNG,47160.1,1993-10-18,40277-257
7x06,Phantasms,TNG,47225.7,1993-10-25,40277-258
7x07,Dark Page,TNG,47254.1,1993-11-01,40277-259
7x08,Attached,TNG,47304.2,1993-11-08,40277-260
7x09,Force of Nature,TNG,47310.2,1993-11-15,40277-261
7x10,Inheritance,TNG,47410.2,1993-11-22,40277-262
7x11,Parallels,TNG,47391.2,1993-11-29,40277-263
7x12,The Pegasus,TNG,47457.1,1994-01-10,40277-264
7x13,Homeward,TNG,47423.9,1994-01-17,40277-265
7x14,Sub Rosa,TNG,Unknown,1994-01-31,40277-266
7x15,Lower Decks,TNG,47566.7,1994-02-07,40277-267
7x16,Thine Own Self,TNG,47611.2,1994-02-14,40277-268
7x17,Masks,TNG,47615.2,1994-02-21,40277-269
7x18,Eye of the Beholder,TNG,47622.1,1994-02-28,40277-270
7x19,Genesis,TNG,47653.2,1994-03-21,40277-271
7x20,Journey's End,TNG,47751.2,1994-03-28,40277-272
7x21,Firstborn,TNG,47779.4,1994-04-25,40277-273
7x22,Bloodlines,TNG,47829.1,1994-05-02,40277-274
7x23,Emergence,TNG,47869.2,1994-05-09,40277-275
7x24,Preemptive Strike,TNG,47941.7,1994-05-16,40277-276
7x25/26,All Good Things...,TNG,47988.0,1994-05-23,40277-747
1x01/02,Emissary,DS9,46379.1,1993-01-03,40511-721
1x03,Past Prologue,DS9,Unknown,1993-01-09,40511-404
1x04,A Man Alone,DS9,46421.5,1993-01-17,40511-403
1x05,Babel,DS9,46423.7,1993-01-24,40511-405
1x06,Captive Pursuit,DS9,46477.5,1993-01-30,40511-406
1x07,Q-Less,DS9,46531.2,1993-02-06,40511-407
1x08,Dax,DS9,46910.1,1993-02-13,40511-408
1x09,The Passenger,DS9,Unknown,1993-02-20,40511-409
1x10,Move Along Home,DS9,Unknown,1993-03-14,40511-410
1x11,The Nagus,DS9,Unknown,1993-03-21,40511-411
1x12,Vortex,DS9,Unknown,1993-04-18,40511-412
1x13,Battle Lines,DS9,Unknown,1993-04-25,40511-413
1x14,The Storyteller,DS9,46729.1,1993-05-02,40511-414
1x15,Progress,DS9,46844.3,1993-05-09,40511-415
1x16,If Wishes Were Horses,DS9,46853.2,1993-05-16,40511-416
1x17,The Forsaken,DS9,46925.1,1993-05-23,40511-417
1x18,Dramatis Personae,DS9,46922.3,1993-05-30,40511-418
1x19,Duet,DS9,Unknown,1993-06-13,40511-419
1x20,In the Hands of the Prophets,DS9,Unknown,1993-06-20,40511-420
2x01,The Homecoming,DS9,Unknown,1993-09-26,40512-421
2x02,The Circle,DS9,Unknown,1993-10-03,40512-422
2x03,The Siege,DS9,Unknown,1993-10-10,40512-423
2x04,Invasive Procedures,DS9,47182.1,1993-10-17,40512-424
2x05,Cardassians,DS9,47177.2,1993-10-24,40512-425
2x06,Melora,DS9,47229.1,1993-10-31,40512-426
2x07,Rules of Acquisition,DS9,Unknown,1993-11-06,40512-427
2x08,Necessary Evil,DS9,47282.5-47284.1,1993-11-14,40512-428
2x09,Second Sight,DS9,47329.4,1993-11-20,40512-429
2x10,Sanctuary,DS9,47391.2,1993-11-28,40512-430
2x11,Rivals,DS9,Unknown,1994-01-02,40512-431
2x12,The Alternate,DS9,47391.7,1994-01-09,40512-432
2x13,Armageddon Game,DS9,Unknown,1994-01-30,40512-433
2x14,Whispers,DS9,47581.2,1994-02-06,40512-434
2x15,Paradise,DS9,47573.1,1994-02-13,40512-435
2x16,Shadowplay,DS9,47603.3,1994-02-20,40512-436
2x17,Playing God,DS9,Unknown,1994-02-27,40512-437
2x18,Profit and Loss,DS9,Unknown,1994-03-20,40512-438
2x19,Blood Oath,DS9,Unknown,1994-03-27,40512-439
2x20,"The Maquis, Part I",DS9,Unknown,1994-04-24,40512-440
2x21,"The Maquis, Part II",DS9,Unknown,1994-05-01,40512-441
2x22,The Wire,DS9,Unknown,1994-05-08,40512-442
2x23,Crossover,DS9,Unknown,1994-05-15,40512-443
2x24,The Collaborator,DS9,Unknown,1994-05-22,40512-444
2x25,Tribunal,DS9,47944.2,1994-06-05,40512-445
2x26,The Jem'Hadar,DS9,Unknown,1994-06-12,40512-446
3x01,"The Search, Part I",DS9,48212.4-48214.5,1994-09-26,40512-447
3x02,"The Search, Part II",DS9,Unknown,1994-10-03,40512-447
3x03,The House of Quark,DS9,Unknown,1994-10-10,40513-449
3x04,Equilibrium,DS9,Unknown,1994-10-17,40513-450
3x05,Second Skin,DS9,Unknown,1994-10-24,40513-451
3x06,The Abandoned,DS9,Unknown,1994-10-31,40513-452
3x07,Civil Defense,DS9,Unknown,1994-11-07,40513-453
3x08,Meridian,DS9,48423.2,1994-11-14,40513-454
3x09,Defiant,DS9,48467.3,1994-11-21,40513-455
3x10,Fascination,DS9,Unknown,1994-11-28,40513-456
3x11,"Past Tense, Part I",DS9,48481.2,1995-01-08,40513-457
3x12,"Past Tense, Part II",DS9,Unknown,1995-01-15,40513-458
3x13,Life Support,DS9,48498.4,1995-01-31,40513-459
3x14,Heart of Stone,DS9,48521.5,1995-02-06,40513-460
3x15,Destiny,DS9,48543.2,1995-02-13,40513-461
3x16,Prophet Motive,DS9,Unknown,1995-02-20,40513-462
3x17,Visionary,DS9,Unknown,1995-02-27,40513-463
3x18,Distant Voices,DS9,Unknown,1995-04-10,40513-464
3x19,Through the Looking Glass,DS9,Unknown,1995-04-17,40513-466
3x20,Improbable Cause,DS9,Unknown,1995-04-24,40513-465
3x21,The Die is Cast,DS9,Unknown,1995-05-01,40513-467
3x22,Explorers,DS9,Unknown,1995-05-08,40513-468
3x23,Family Business,DS9,Unknown,1995-05-15,40513-469
3x24,Shakaar,DS9,Unknown,1995-05-22,40513-470
3x25,Facets,DS9,48876.3,1995-06-12,40513-471
3x26,The Adversary,DS9,48959.1,1995-06-25,40513-472
4x01/02,The Way of the Warrior,DS9,49011.4,1995-10-02,40514-473
4x03,The Visitor,DS9,49034.7,1995-10-09,40510-476
4x04,Hippocratic Oath,DS9,49066.5,1995-10-16,40510-475
4x05,Indiscretion,DS9,Unknown,1995-10-23,40510-477
4x06,Rejoined,DS9,49195.5,1995-10-30,40510-478
4x07,Starship Down,DS9,49263.5,1995-11-13,40510-480
4x08,Little Green Men,DS9,Unknown,1995-11-15,40510-479
4x09,The Sword of Kahless,DS9,49289.1,1995-11-20,40510-481
4x10,Our Man Bashir,DS9,49300.7,1995-11-27,40510-482
4x11,Homefront,DS9,49170.65,1996-01-01,40510-483
4x12,Paradise Lost,DS9,Unknown,1996-01-08,40510-484
4x13,Crossfire,DS9,Unknown,1996-01-29,40510-485
4x14,Return to Grace,DS9,Unknown,1996-02-05,40510-486
4x15,Sons of Mogh,DS9,49556.2,1996-02-12,40510-487
4x16,Bar Association,DS9,Unknown,1996-02-19,40510-488
4x17,Accession,DS9,Unknown,1996-02-24,40510-489
4x18,Rules of Engagement,DS9,49665.3,1996-04-08,40510-490
4x19,Hard Time,DS9,Unknown,1996-04-15,40510-491
4x20,Shattered Mirror,DS9,Unknown,1996-04-22,40510-492
4x21,The Muse,DS9,Unknown,1996-04-29,40510-493
4x22,For the Cause,DS9,Unknown,1996-05-06,40510-494
4x23,To the Death,DS9,49904.2,1996-05-13,40510-496
4x24,The Quickening,DS9,Unknown,1996-05-20,40510-495
4x25,Body Parts,DS9,49930.3,1996-06-10,40510-497
4x26,Broken Link,DS9,49962.4,1996-06-17,40510-498
5x01,Apocalypse Rising,DS9,Unknown,1996-09-30,40510-499
5x02,The Ship,DS9,50049.3,1996-10-07,40510-500
5x03,Looking for par'Mach in All the Wrong Places,DS9,50061.2,1996-10-14,40510-501
5x04,Nor the Battle to the Strong,DS9,Unknown,1996-10-21,40510-502
5x05,The Assignment,DS9,Unknown,1996-10-28,40510-504
5x06,Trials and Tribble-ations,DS9,4523.7,1996-11-04,40510-503
5x07,Let He Who Is Without Sin...,DS9,Unknown,1996-11-11,40510-505
5x08,Things Past,DS9,Unknown,1996-11-18,40510-506
5x09,The Ascent,DS9,Unknown,1996-11-25,40510-507
5x10,Rapture,DS9,Unknown,1996-12-30,40510-508
5x11,The Darkness and the Light,DS9,50416.2,1997-01-06,40510-509
5x12,The Begotten,DS9,Unknown,1997-01-27,40510-510
5x13,For the Uniform,DS9,50485.2,1997-02-03,40510-511
5x14,In Purgatory's Shadow,DS9,Unknown,1997-02-10,40510-512
5x15,By Inferno's Light,DS9,50564.2,1997-02-17,40510-513
5x16,"Doctor Bashir, I Presume",DS9,Unknown,1997-02-24,40510-514
5x17,A Simple Investigation,DS9,Unknown,1997-03-31,40510-515
5x18,Business as Usual,DS9,Unknown,1997-04-05,40510-516
5x19,Ties of Blood and Water,DS9,50712.5,1997-04-14,40510-517
5x20,Ferengi Love Songs,DS9,Unknown,1997-04-21,40510-518
5x21,Soldiers of the Empire,DS9,Unknown,1997-04-29,40510-519
5x22,Children of Time,DS9,50814.2,1997-05-05,40510-520
5x23,Blaze of Glory,DS9,Unknown,1997-05-12,40510-521
5x24,Empok Nor,DS9,50901.7,1997-05-19,40510-522
5x25,In the Cards,DS9,50929.4,1997-06-09,40510-523
5x26,Call to Arms,DS9,50975.2,1997-06-16,40510-524
6x01,A Time to Stand,DS9,Unknown,1997-09-29,40510-525
6x02,Rocks and Shoals,DS9,Unknown,1997-10-06,40510-527
6x03,Sons and Daughters,DS9,Unknown,1997-10-16,40510-526
6x04,Behind the Lines,DS9,51145.3,1997-10-20,40510-528
6x05,Favor the Bold,DS9,Unknown,1997-10-27,40510-529
6x06,Sacrifice of Angels,DS9,Unknown,1997-11-03,40510-530
6x07,You Are Cordially Invited,DS9,51247.5,1997-11-10,40510-531
6x08,Resurrection,DS9,Unknown,1997-11-17,40510-532
6x09,Statistical Probabilities,DS9,Unknown,1997-11-22,40510-533
6x10,The Magnificent Ferengi,DS9,Unknown,1997-12-17,40510-534
6x11,Waltz,DS9,51408.6-51413.6,1998-01-03,40510-535
6x12,Who Mourns for Morn?,DS9,Unknown,1998-02-04,40510-536
6x13,Far Beyond the Stars,DS9,Unknown,1998-02-11,40510-538
6x14,One Little Ship,DS9,51474.2,1998-02-14,40510-537
6x15,Honor Among Thieves,DS9,Unknown,1998-02-21,40510-539
6x16,Change of Heart,DS9,51597.2,1998-02-28,40510-540
6x17,Wrongs Darker Than Death or Night,DS9,Unknown,1998-03-28,40510-541
6x18,Inquisition,DS9,Unknown,1998-04-08,40510-542
6x19,In the Pale Moonlight,DS9,51721.3,1998-04-15,40510-543
6x20,His Way,DS9,Unknown,1998-04-22,40510-544
6x21,The Reckoning,DS9,Unknown,1998-04-29,40510-545
6x22,Valiant,DS9,51825.4,1998-05-06,40510-546
6x23,Profit and Lace,DS9,Unknown,1998-05-13,40510-547
6x24,Time's Orphan,DS9,Unknown,1998-05-20,40510-548
6x25,The Sound of Her Voice,DS9,51948.3,1998-06-10,40510-549
6x26,Tears of the Prophets,DS9,Unknown,1998-06-17,40510-550
7x01,Image in the Sand,DS9,Unknown,1998-09-30,40510-551
7x02,Shadows and Symbols,DS9,52152.6,1998-10-07,40510-552
7x03,Afterimage,DS9,Unknown,1998-10-14,40510-553
7x04,Take Me Out to the Holosuite,DS9,Unknown,1998-10-21,40510-554
7x05,Chrysalis,DS9,Unknown,1998-10-28,40510-555
7x06,"Treachery, Faith and the Great River",DS9,Unknown,1998-11-04,40510-556
7x07,Once More Unto the Breach,DS9,Unknown,1998-11-11,40510-557
7x08,The Siege of AR-558,DS9,Unknown,1998-11-18,40510-558
7x09,Covenant,DS9,Unknown,1998-11-25,40510-559
7x10,It's Only a Paper Moon,DS9,Unknown,1998-12-30,40510-560
7x11,Prodigal Daughter,DS9,Unknown,1999-01-06,40510-561
7x12,The Emperor's New Cloak,DS9,Unknown,1999-02-03,40510-562
7x13,Field of Fire,DS9,Unknown,1999-02-10,40510-563
7x14,Chimera,DS9,Unknown,1999-02-17,40510-564
7x15,"Badda-Bing, Badda-Bang",DS9,Unknown,1999-02-24,40510-566
7x16,Inter Arma Enim Silent Leges,DS9,Unknown,1999-03-03,40510-565
7x17,Penumbra,DS9,52576.2,1999-04-07,40510-567
7x18,'Til Death Do Us Part,DS9,Unknown,1999-04-14,40510-568
7x19,Strange Bedfellows,DS9,Unknown,1999-04-21,40510-569
7x20,The Changing Face of Evil,DS9,Unknown,1999-04-28,40510-570
7x21,When It Rains...,DS9,52684.3,1999-05-05,40510-571
7x22,Tacking Into the Wind,DS9,Unknown,1999-05-12,40510-572
7x23,Extreme Measures,DS9,52645.7,1999-05-19,40510-573
7x24,The Dogs of War,DS9,52861.3,1999-05-26,40510-574
7x25/26,What You Leave Behind,DS9,52902.0,1999-06-02,40510-575
1x01/02,Caretaker,VOY,48315.6-48317,1995-01-16,101 (721)
1x03,Parallax,VOY,48439.7,1995-01-23,103
1x04,Time and Again,VOY,Unknown,1995-01-30,104
1x05,Phage,VOY,48532.4,1995-02-06,105
1x06,The Cloud,VOY,48546.2,1995-02-13,106
1x07,Eye of the Needle,VOY,48579.4,1995-02-20,107
1x08,Ex Post Facto,VOY,Unknown,1995-02-27,108
1x09,Emanations,VOY,48623.5,1995-03-13,109
1x10,Prime Factors,VOY,48642.5,1995-03-20,110
1x11,State of Flux,VOY,48658.2,1995-04-10,111
1x12,Heroes and Demons,VOY,48693.2,1995-04-24,112
1x13,Cathexis,VOY,48734.2,1995-05-01,113
1x14,Faces,VOY,48784.2,1995-05-08,114
1x15,Jetrel,VOY,48832.1,1995-05-15,115
1x16,Learning Curve,VOY,48846.5,1995-05-22,116
2x01,The 37's,VOY,48975.1,1995-08-28,120
2x02,Initiations,VOY,49005.3,1995-09-04,121
2x03,Projections,VOY,48892.1,1995-09-11,117
2x04,Elogium,VOY,48921.3,1995-09-18,118
2x05,Non Sequitur,VOY,49011.0,1995-09-25,122
2x06,Twisted,VOY,Unknown,1995-10-02,119
2x07,Parturition,VOY,49068.5,1995-10-09,123
2x08,Persistence of Vision,VOY,Unknown,1995-10-30,124
2x09,Tattoo,VOY,Unknown,1995-11-06,125
2x10,Cold Fire,VOY,49164.8,1995-11-13,126
2x11,Maneuvers,VOY,49208.5,1995-11-20,127
2x12,Resistance,VOY,Unknown,1995-11-27,128
2x13,Prototype,VOY,Unknown,1996-01-15,129
2x14,Alliances,VOY,49337.4,1996-01-22,131
2x15,Threshold,VOY,49373.4,1996-01-29,132
2x16,Meld,VOY,Unknown,1996-02-05,133
2x17,Dreadnought,VOY,49447.0,1996-02-12,134
2x18,Death Wish,VOY,49301.2,1996-02-19,130
2x19,Lifesigns,VOY,49504.3,1996-02-26,136
2x20,Investigations,VOY,49485.2,1996-03-13,135
2x21,Deadlock,VOY,49548.7,1996-03-18,137
2x22,Innocence,VOY,49578.2,1996-04-08,138
2x23,The Thaw,VOY,Unknown,1996-04-29,139
2x24,Tuvix,VOY,49655.2,1996-05-06,140
2x25,Resolutions,VOY,49690.1,1996-05-13,141
2x26,"Basics, Part I",VOY,Unknown,1996-05-20,142
3x01,"Basics, Part II",VOY,50032.7,1996-09-04,146
3x02,Flashback,VOY,50126.4,1996-09-11,145
3x03,The Chute,VOY,50156.2,1996-09-18,147
3x04,The Swarm,VOY,50252.3,1996-09-25,149
3x05,False Profits,VOY,50074.3,1996-10-02,144
3x06,Remember,VOY,50203.1,1996-10-09,148
3x07,Sacred Ground,VOY,50063.2,1996-10-30,143
3x08,Future's End,VOY,50312.5,1996-11-06,150
3x09,"Future's End, Part II",VOY,50312.5,1996-11-13,151
3x10,Warlord,VOY,50348.1,1996-11-20,152
3x11,The Q and the Grey,VOY,50384.2,1996-11-27,153
3x12,Macrocosm,VOY,50425.1,1996-12-11,154
3x13,Fair Trade,VOY,Unknown,1997-01-08,156
3x14,Alter Ego,VOY,50460.3,1997-01-15,155
3x15,Coda,VOY,50518.6,1997-01-29,158
3x16,Blood Fever,VOY,50537.2,1997-02-05,157
3x17,Unity,VOY,50614.2,1997-02-12,159
3x18,Darkling,VOY,50693.2,1997-02-19,161
3x19,Rise,VOY,Unknown,1997-02-26,160
3x20,Favorite Son,VOY,50732.4,1997-03-19,162
3x21,Before and After,VOY,Unknown,1997-04-09,163
3x22,Real Life,VOY,50836.2,1997-04-23,164
3x23,Distant Origin,VOY,Unknown,1997-04-30,165
3x24,Displaced,VOY,50912.4,1997-05-07,166
3x25,Worst Case Scenario,VOY,50953.4,1997-05-14,167
3x26,Scorpion,VOY,50984.3,1997-05-21,168
4x01,"Scorpion, Part II",VOY,51003.7,1997-09-03,169
4x02,The Gift,VOY,51008,1997-09-10,170
4x03,Day of Honor,VOY,Unknown,1997-09-17,172
4x04,Nemesis,VOY,51082.4,1997-09-24,171
4x05,Revulsion,VOY,51186.2,1997-10-01,173
4x06,The Raven,VOY,Unknown,1997-10-08,174
4x07,Scientific Method,VOY,51244.3,1997-10-29,175
4x08,Year of Hell,VOY,51268.4,1997-11-05,176
4x09,"Year of Hell, Part II",VOY,51425.4,1997-11-12,177
4x10,Random Thoughts,VOY,51367.2,1997-11-19,178
4x11,Concerning Flight,VOY,51386.4,1997-11-26,179
4x12,Mortal Coil,VOY,51449.2,1997-12-17,180
4x13,Waking Moments,VOY,51471.3,1998-01-14,182
4x14,Message in a Bottle,VOY,51462,1998-01-21,181
4x15,Hunters,VOY,51501.4,1998-02-11,183
4x16,Prey,VOY,51652.3,1998-02-18,184
4x17,Retrospect,VOY,51658.2,1998-02-25,185
4x18,The Killing Game,VOY,Unknown,1998-03-04,186
4x19,"The Killing Game, Part II",VOY,51715.2,1998-03-04,187
4x20,Vis à Vis,VOY,51762.4,1998-04-08,188
4x21,The Omega Directive,VOY,51781.2,1998-04-15,189
4x22,Unforgettable,VOY,51813.4,1998-04-22,190
4x23,Living Witness,VOY,Unknown,1998-04-29,191
4x24,Demon,VOY,Unknown,1998-05-06,192
4x25,One,VOY,51929.3,1998-05-13,193
4x26,Hope and Fear,VOY,51978.2,1998-05-20,194
5x01,Night,VOY,52081.2,1998-10-14,195
5x02,Drone,VOY,Unknown,1998-10-21,196
5x03,Extreme Risk,VOY,Unknown,1998-10-28,197
5x04,In the Flesh,VOY,52136.4,1998-11-04,198
5x05,Once Upon a Time,VOY,Unknown,1998-11-11,199
5x06,Timeless,VOY,52164.3,1998-11-18,201
5x07,Infinite Regress,VOY,52356.2,1998-11-25,203
5x08,Nothing Human,VOY,Unknown,1998-12-02,200
5x09,Thirty Days,VOY,52179.4,1998-12-09,202
5x10,Counterpoint,VOY,Unknown,1998-12-16,204
5x11,Latent Image,VOY,Unknown,1999-01-20,206
5x12,Bride of Chaotica!,VOY,Unknown,1999-01-27,207
5x13,Gravity,VOY,52438.9,1999-02-03,205
5x14,Bliss,VOY,52542.3,1999-02-10,209
5x15/16,Dark Frontier,VOY,52619.2,1999-02-17,211/212
5x17,The Disease,VOY,Unknown,1999-02-24,210
5x18,Course: Oblivion,VOY,52586.3,1999-03-03,213
5x19,The Fight,VOY,Unknown,1999-03-24,208
5x20,Think Tank,VOY,Unknown,1999-03-31,214
5x21,Juggernaut,VOY,Unknown,1999-04-26,215
5x22,Someone to Watch Over Me,VOY,52648.0,1999-04-28,216
5x23,11:59,VOY,52840,1999-05-05,217
5x24,Relativity,VOY,52861.274,1999-05-12,218
5x25,Warhead,VOY,Unknown,1999-05-19,219
5x26,Equinox,VOY,Unknown,1999-05-26,220
6x01,"Equinox, Part II",VOY,Unknown,1999-09-22,221
6x02,Survival Instinct,VOY,53049.2,1999-09-29,222
6x03,Barge of the Dead,VOY,Unknown,1999-10-06,223
6x04,Tinker Tenor Doctor Spy,VOY,Unknown,1999-10-13,224
6x05,Alice,VOY,Unknown,1999-10-20,226
6x06,Riddles,VOY,53263.2,1999-11-03,227
6x07,Dragon's Teeth,VOY,53167.9,1999-11-10,225
6x08,One Small Step,VOY,53292.7,1999-11-17,228
6x09,The Voyager Conspiracy,VOY,53329,1999-11-24,229
6x10,Pathfinder,VOY,Unknown,1999-12-01,230
6x11,Fair Haven,VOY,Unknown,2000-01-12,231
6x12,Blink of an Eye,VOY,Unknown,2000-01-19,233
6x13,Virtuoso,VOY,53556.4,2000-01-26,234
6x14,Memorial,VOY,Unknown,2000-02-02,236
6x15,Tsunkatse,VOY,53447.2,2000-02-09,232
6x16,Collective,VOY,Unknown,2000-02-16,235
6x17,Spirit Folk,VOY,Unknown,2000-02-23,237
6x18,Ashes to Ashes,VOY,53679.4,2000-03-01,238
6x19,Child's Play,VOY,Unknown,2000-03-08,239
6x20,Good Shepherd,VOY,53753.2,2000-03-15,240
6x21,Live Fast and Prosper,VOY,53849.2,2000-04-19,242
6x22,Muse,VOY,53918.0,2000-04-26,244
6x23,Fury,VOY,Unknown,2000-05-03,241
6x24,Life Line,VOY,Unknown,2000-05-10,243
6x25,The Haunting of Deck Twelve,VOY,Unknown,2000-05-17,245
6x26,Unimatrix Zero,VOY,Unknown,2000-05-24,246
7x01,"Unimatrix Zero, Part II",VOY,54014.4,2000-10-04,247
7x02,Imperfection,VOY,54129.4,2000-10-11,248
7x03,Drive,VOY,54058.6,2000-10-18,249
7x04,Repression,VOY,54090.4,2000-10-25,251
7x05,Critical Care,VOY,Unknown,2000-11-01,250
7x06,Inside Man,VOY,54208.3,2000-11-08,252
7x07,Body and Soul,VOY,54238.3,2000-11-15,255
7x08,Nightingale,VOY,54274.7,2000-11-22,256
7x09/10,Flesh and Blood,VOY,54315.3-54337.5,2000-11-29,253
7x11,Shattered,VOY,Unknown,2001-01-17,257
7x12,Lineage,VOY,54452.6,2001-01-24,258
7x13,Repentance,VOY,54474.6,2001-01-31,259
7x14,Prophecy,VOY,54518.2-54529.8,2001-02-07,260
7x15,The Void,VOY,54553.4-54562.7,2001-02-14,261
7x16,Workforce,VOY,54584.3-54608.6,2001-02-21,262
7x17,"Workforce, Part II",VOY,54622.4,2001-02-28,263
7x18,Human Error,VOY,Unknown,2001-03-07,264
7x19,Q2,VOY,54704.5,2001-04-11,265
7x20,"Author, Author",VOY,54732.3,2001-04-18,266
7x21,Friendship One,VOY,54775.4,2001-04-25,267
7x22,Natural Law,VOY,54827.7,2001-05-02,268
7x23,Homestead,VOY,54868.6,2001-05-09,269
7x24,Renaissance Man,VOY,54890.7,2001-05-16,270
7x25/26,Endgame,VOY,54973.4,2001-05-23,271
1x01/02,Broken Bow,ENT,2151-04-16,2001-09-26,1.0
1x03,Fight or Flight,ENT,2151-05-06,2001-10-03,3.0
1x04,Strange New World,ENT,Unknown,2001-10-10,4.0
1x05,Unexpected,ENT,Unknown,2001-10-17,5.0
1x06,Terra Nova,ENT,Unknown,2001-10-24,6.0
1x07,The Andorian Incident,ENT,2151-06-19,2001-10-31,7.0
1x08,Breaking the Ice,ENT,Unknown,2001-11-07,8.0
1x09,Civilization,ENT,2151-07-31,2001-11-14,9.0
1x10,Fortunate Son,ENT,Unknown,2001-11-21,10.0
1x11,Cold Front,ENT,2151-09-09,2001-11-28,11.0
1x12,Silent Enemy,ENT,2151-09-01,2002-01-16,12.0
1x13,Dear Doctor,ENT,Unknown,2002-01-23,13.0
1x14,Sleeping Dogs,ENT,Unknown,2002-01-30,15.0
1x15,Shadows of P'Jem,ENT,Unknown,2002-02-06,14.0
1x16,Shuttlepod One,ENT,2151-11-09,2002-02-13,16.0
1x17,Fusion,ENT,Unknown,2002-02-27,17.0
1x18,Rogue Planet,ENT,Unknown,2002-03-20,18.0
1x19,Acquisition,ENT,Unknown,2002-03-27,19.0
1x20,Oasis,ENT,Unknown,2002-04-03,20.0
1x21,Detained,ENT,Unknown,2002-04-24,21.0
1x22,Vox Sola,ENT,Unknown,2002-05-01,22.0
1x23,Fallen Hero,ENT,2152-02-09,2002-05-08,23.0
1x24,Desert Crossing,ENT,2152-02-12,2002-05-08,24.0
1x25,Two Days and Two Nights,ENT,2152-02-18,2002-05-15,25.0
1x26,Shockwave,ENT,Unknown,2002-05-22,26.0
2x01,"Shockwave, Part II",ENT,Unknown,2002-09-18,28.0
2x02,Carbon Creek,ENT,2152-04-12,2002-09-25,27.0
2x03,Minefield,ENT,Unknown,2002-10-02,29.0
2x04,Dead Stop,ENT,Unknown,2002-10-09,31.0
2x05,A Night in Sickbay,ENT,Unknown,2002-10-16,30.0
2x06,Marauders,ENT,Unknown,2002-10-30,32.0
2x07,The Seventh,ENT,Unknown,2002-11-06,33.0
2x08,The Communicator,ENT,Unknown,2002-11-13,34.0
2x09,Singularity,ENT,2152-08-14,2002-11-20,35.0
2x10,Vanishing Point,ENT,Unknown,2002-11-27,36.0
2x11,Precious Cargo,ENT,2152-09-12,2002-12-11,37.0
2x12,The Catwalk,ENT,2152-09-18,2002-12-18,38.0
2x13,Dawn,ENT,Unknown,2003-01-08,39.0
2x14,Stigma,ENT,Unknown,2003-02-05,40.0
2x15,Cease Fire,ENT,Unknown,2003-02-12,41.0
2x16,Future Tense,ENT,Unknown,2003-02-19,42.0
2x17,Canamar,ENT,Unknown,2003-02-26,43.0
2x18,The Crossing,ENT,Unknown,2003-04-02,44.0
2x19,Judgment,ENT,Unknown,2003-04-09,45.0
2x20,Horizon,ENT,2153-01-10,2003-04-16,46.0
2x21,The Breach,ENT,Unknown,2003-04-23,47.0
2x22,Cogenitor,ENT,Unknown,2003-04-30,48.0
2x23,Regeneration,ENT,2153-03-01,2003-05-07,49.0
2x24,First Flight,ENT,Unknown,2003-05-14,50.0
2x25,Bounty,ENT,2153-03-21,2003-05-14,51.0
2x26,The Expanse,ENT,2153-04-24,2003-05-21,52.0
3x01,The Xindi,ENT,Unknown,2003-09-10,53.0
3x02,Anomaly,ENT,Unknown,2003-09-17,54.0
3x03,Extinction,ENT,Unknown,2003-09-24,55.0
3x04,Rajiin,ENT,Unknown,2003-10-01,56.0
3x05,Impulse,ENT,Unknown,2003-10-08,57.0
3x06,Exile,ENT,Unknown,2003-10-15,58.0
3x07,The Shipment,ENT,Unknown,2003-10-29,59.0
3x08,Twilight,ENT,Unknown,2003-11-05,60.0
3x09,North Star,ENT,Unknown,2003-11-12,61.0
3x10,Similitude,ENT,Unknown,2003-11-19,62.0
3x11,Carpenter Street,ENT,Unknown,2003-11-26,63.0
3x12,Chosen Realm,ENT,Unknown,2004-01-14,64.0
3x13,Proving Ground,ENT,2153-12-06,2004-01-21,65.0
3x14,Stratagem,ENT,2153-12-12,2004-02-04,66.0
3x15,Harbinger,ENT,2153-12-27,2004-02-11,67.0
3x16,Doctor's Orders,ENT,Unknown,2004-02-18,68.0
3x17,Hatchery,ENT,2154-01-08,2004-02-25,69.0
3x18,Azati Prime,ENT,2154-01,2004-03-03,70.0
3x19,Damage,ENT,Unknown,2004-04-21,71.0
3x20,The Forgotten,ENT,Unknown,2004-04-28,72.0
3x21,E²,ENT,Unknown,2004-05-05,73.0
3x22,The Council,ENT,2154-02-12,2004-05-12,74.0
3x23,Countdown,ENT,2154-02-13,2004-05-19,75.0
3x24,Zero Hour,ENT,2154-02-14,2004-05-26,76.0
4x01,Storm Front,ENT,Unknown,2004-10-08,77.0
4x02,"Storm Front, Part II",ENT,Unknown,2004-10-15,78.0
4x03,Home,ENT,Unknown,2004-10-22,79.0
4x04,Borderland,ENT,2154-05-17,2004-10-29,80.0
4x05,Cold Station 12,ENT,Unknown,2004-11-05,81.0
4x06,The Augments,ENT,2154-05-27,2004-11-12,82.0
4x07,The Forge,ENT,Unknown,2004-11-19,83.0
4x08,Awakening,ENT,Unknown,2004-11-26,84.0
4x09,Kir'Shara,ENT,Unknown,2004-12-03,85.0
4x10,Daedalus,ENT,Unknown,2005-01-14,86.0
4x11,Observer Effect,ENT,Unknown,2005-01-21,87.0
4x12,Babel One,ENT,2154-11-12,2005-01-28,88.0
4x13,United,ENT,2154-11-15,2005-02-04,89.0
4x14,The Aenar,ENT,Unknown,2005-02-11,90.0
4x15,Affliction,ENT,2154-11-27,2005-02-18,91.0
4x16,Divergence,ENT,2154-12,2005-02-25,92.0
4x17,Bound,ENT,2154-12-27,2005-04-15,93.0
4x18,"In a Mirror, Darkly",ENT,2155-01-13,2005-04-22,94.0
4x19,"In a Mirror, Darkly, Part II",ENT,2155-01-18,2005-04-29,95.0
4x20,Demons,ENT,2155-01-19,2005-05-06,96.0
4x21,Terra Prime,ENT,Unknown,2005-05-13,97.0
4x22,These Are the Voyages...,ENT,47457.1,2005-05-13,98.0
1x01,The Vulcan Hello,DIS,1207.3,2017-09-24,101
1x02,Battle at the Binary Stars,DIS,1207.3,2017-09-24,102
1x03,Context Is for Kings,DIS,Unknown,2017-10-01,103
1x04,The Butcher's Knife Cares Not for the Lamb's Cry,DIS,Unknown,2017-10-08,104
1x05,Choose Your Pain,DIS,Unknown,2017-10-15,105
1x06,Lethe,DIS,Unknown,2017-10-22,106
1x07,Magic to Make the Sanest Man Go Mad,DIS,2136.8-2137.2,2017-10-29,107
1x08,"Si Vis Pacem, Para Bellum",DIS,1308.9,2017-11-05,108
1x09,Into the Forest I Go,DIS,Unknown,2017-11-12,109
Chapter Two,Chapter Two,DIS,Chapter Two,Chapter Two,Chapter Two
1x10,Despite Yourself,DIS,Unknown,2018-01-07,110
1x11,The Wolf Inside,DIS,Unknown,2018-01-14,111
1x12,Vaulting Ambition,DIS,Unknown,2018-01-21,112
1x13,What's Past Is Prologue,DIS,1834.2,2018-01-28,113
1x14,"The War Without, The War Within",DIS,Unknown,2018-02-04,114
1x15,Will You Take My Hand?,DIS,Unknown,2018-02-11,115
2x01,Brother,DIS,1025.19,2019-01-17,201
2x02,New Eden,DIS,1027.32,2019-01-24,202
2x03,Point of Light,DIS,1029.46,2019-01-31,203
2x04,An Obol for Charon,DIS,1834.2512,2019-02-07,204
2x05,Saints of Imperfection,DIS,Unknown,2019-02-14,205
2x06,The Sound of Thunder,DIS,1035.86,2019-02-21,206
2x07,Light and Shadows,DIS,Unknown,2019-02-28,207
2x08,If Memory Serves,DIS,1532.9,2019-03-07,208
2x09,Project Daedalus,DIS,Unknown,2019-03-14,209
2x10,The Red Angel,DIS,Unknown,2019-03-21,210
2x11,Perpetual Infinity,DIS,Unknown,2019-03-28,211
2x12,Through the Valley of Shadows,DIS,1048.66,2019-04-04,212
2x13,Such Sweet Sorrow,DIS,1050.8-1051.8,2019-04-11,213
2x14,"Such Sweet Sorrow, Part 2",DIS,1201.7,2019-04-18,214
3x01,"That Hope Is You, Part 1",DIS,Unknown,2020-10-15,301
3x02,Far From Home,DIS,Unknown,2020-10-22,302
3x03,People of Earth,DIS,865211.3,2020-10-29,303
3x04,Forget Me Not,DIS,Unknown,2020-11-05,304
3x05,Die Trying,DIS,Unknown,2020-11-12,305
3x06,Scavengers,DIS,Unknown,2020-11-19,306
3x07,Unification III,DIS,Unknown,2020-11-26,307
3x08,The Sanctuary,DIS,Unknown,2020-12-03,308
3x09,"Terra Firma, Part 1",DIS,Unknown,2020-12-10,309
3x10,"Terra Firma, Part 2",DIS,Unknown,2020-12-17,310
3x11,Su'Kal,DIS,Unknown,2020-12-24,311
3x12,There Is A Tide...,DIS,Unknown,2020-12-31,312
3x13,"That Hope Is You, Part 2",DIS,Unknown,2021-01-07,313
1x01,Remembrance,PIC,Unknown,2020-01-23,101
1x02,Maps and Legends,PIC,Unknown,2020-01-30,102a
1x03,The End is the Beginning,PIC,Unknown,2020-02-06,102b
1x04,Absolute Candor,PIC,Unknown,2020-02-13,103
1x05,Stardust City Rag,PIC,Unknown,2020-02-20,104
1x06,The Impossible Box,PIC,Unknown,2020-02-27,105
1x07,Nepenthe,PIC,Unknown,2020-03-05,106
1x08,Broken Pieces,PIC,Unknown,2020-03-12,107
1x09,"Et in Arcadia Ego, Part 1",PIC,Unknown,2020-03-19,108
1x10,"Et in Arcadia Ego, Part 2",PIC,Unknown,2020-03-26,109
1x01,Second Contact,LD,57436.2,2020-08-06,LD-1001
1x02,Envoys,LD,Unknown,2020-08-13,LD-1002
1x03,Temporal Edict,LD,57501.4,2020-08-20,LD-1003
1x04,Moist Vessel,LD,57538.9,2020-08-27,LD-1004
1x05,Cupid's Errant Arrow,LD,57601.3,2020-09-03,LD-1005
1x06,Terminal Provocations,LD,57663.9,2020-09-10,LD-1006
1x07,Much Ado About Boimler,LD,57752.6,2020-09-17,LD-1007
1x08,Veritas,LD,Unknown,2020-09-24,LD-1008
1x09,Crisis Point,LD,Unknown,2020-10-01,LD-1009
1x10,No Small Parts,LD,Unknown,2020-10-08,LD-1010
2x01,Episode 11,LD,Unknown,2021-08-12,201
2x02,Episode 12,LD,Unknown,2021-08-19,202
2x03,Episode 13,LD,Unknown,2021-08-26,203
2x04,Episode 14,LD,Unknown,2021-09-02,204
2x05,Episode 15,LD,Unknown,2021-09-09,205
2x06,Episode 16,LD,Unknown,2021-09-16,206
2x07,Episode 17,LD,Unknown,2021-09-23,207
2x08,Episode 18,LD,Unknown,2021-09-30,208
2x09,Episode 19,LD,Unknown,2021-10-07,209
2x10,Episode 20,LD,Unknown,2021-10-14,210
2x11,Episode 21,LD,Unknown,2021-10-21,211
2x12,Episode 22,LD,Unknown,2021-10-28,212
